id,name
5064,Meryl Streep
1776,Francis Ford Coppola
488,Steven Spielberg
190,Clint Eastwood
489,Kathleen Kennedy
380,Robert De Niro
4690,Christopher Walken
3096,John Cazale
10400,Barbra Streisand
73931,Bette Midler
36592,Saoirse Ronan
1373737,Florence Pugh
10990,Emma Watson
10215,Paul McCartney
230194,Abraham Laboriel Jr.
230195,Brian Ray
325,Eminem
70851,Jack Black
134,Jamie Foxx
2231,Samuel L. Jackson
1,George Lucas
6159,Ron Howard
131,Jake Gyllenhaal
107515,Raúl Esparza
60034,Laura Benanti
33829,Terrence McNally
1164,F. Murray Abraham
1242428,Lynn Ahrens
2559324,Beth Lane
2559325,Lea madda
27888,Raúl Juliá
2630,Nastassja Kinski
3037,Richard Dreyfuss
4951,Robert Dalva
1032,Martin Scorsese
1150,Brian De Palma
64,Gary Oldman
6384,Keanu Reeves
1769,Sofia Coppola
205,Kirsten Dunst
4512,James Woods
55983,Jim Henson
7908,Frank Oz
1236773,Jane Henson
1006721,Charles Scorsese
11483,Catherine Scorsese
15175,William Friedkin
138,Quentin Tarantino
36594,Juno Temple
3084,Marlon Brando
3087,Robert Duvall
8349,Martin Sheen
13848,Charlie Chaplin
4111,Ingrid Bergman
9261,Frank Abagnale Jr.
31,Tom Hanks
2227,Nicole Kidman
500,Tom Cruise
2297235,Antony Horder
491,John Williams
30807,Rudy Behlmer
670,Ben Burtt
8750,Caleb Deschanel
2154,Scott Bakula
2152,Alan Ball
516,Annette Bening
1306064,Princess Diana
174981,Prince Charles
558240,Queen Elizabeth II of the United Kingdom
4430,Sharon Stone
6449,Warren Beatty
3265,Eli Wallach
4078,Lee Van Cleef
14276,Gian Maria Volonté
74308,Christopher Carley
928572,Scott Eastwood
14701,Carroll Baker
14782,Andrew Robinson
147,Michael Madsen
3892,Johnny Mercer
19429,Bruce Lee
18897,Jackie Chan
15111,Jean-Claude Van Damme
9979,Peter Coyote
9789,Robert Altman
20156,Sammy Davis Jr.
4347,Frank Sinatra
4299,Dean Martin
1038,Jodie Foster
13,Albert Brooks
4513,Elizabeth McGovern
4517,Joe Pesci
14702,Cathy Moriarty
45001,Steve Allen
107605,Lenny Bruce
11477,Ray Liotta
73421,Joaquin Phoenix
1545693,Zazie Beetz
1158,Al Pacino
3092,Diane Keaton
1259,Ennio Morricone
19665,John Boorman
1208,Ralph Bellamy
11181,Kenneth Branagh
30140,Veronica Carlson
3085,James Caan
113,Christopher Lee
55949,Peter Atkins
30137,James Bernard
73641,Christiane Amanpour
1202593,Neil Barnard
33684,Bono
138986,Tony Bennett
53397,Christina Aguilera
7904,Billy Crystal
7447,Alec Baldwin
85564,Andrea Bocelli
4038,Susan Sarandon
25626,Robert Ridgely
32396,Richard Belzer
1458116,Scarlett Benchley
10468,Marvin Hamlisch
1884,Steven Soderbergh
8891,John Travolta
139,Uma Thurman
37934,André Benjamin
15310,Anthony Kiedis
12207,Kylie Minogue
56323,Tina Fey
56322,Amy Poehler
41091,Kristen Wiig
23916,Randee Heller
178536,Lauren Frost
7909,Steve Susskind
7174,Ray Charles
1573653,Jack Parnell
21064,Jason Gould
110559,Chris Botti
65717,Jon Hamm
10431,Jennifer Jason Leigh
9066,Judy Garland
4483,Dustin Hoffman
142439,Emmett Kelly
20627,Charlotte Crossley
2113523,Ula Hedwig
9560,Ellen Burstyn
6352,Jane Fonda
13301,Quincy Jones
1487,Bob Dylan
230680,Douglas Booth
73357,Eleanor Tomlinson
1702761,Robert Gulaczyk
5469,Ralph Fiennes
1291350,Tony Revolori
2136046,Bartosz Armusiewicz
2135942,Sean M. Bobbitt
47646,Catherine Tate
59620,Gemma Arterton
1108724,Anthony Welsh
10980,Daniel Radcliffe
10989,Rupert Grint
116341,Bill Clinton
7487,David Bowie
47990,Elvis Costello
112923,Linda McCartney
1829413,Hamish Stuart
10214,George Martin
10592,John Lennon
10593,George Harrison
230192,Paul Wickens
230193,Rusty Anderson
55466,James Corden
16463,Howard Goodall
10594,Ringo Starr
8968,Mike Oldfield
1149345,Huw Edwards
80535,Robbie Williams
47632,Rob Brydon
1116912,Michael Blakey
2585,Eric Clapton
110001,Phil Collins
100183,Jeff Lynne
13745,Ravi Shankar
62644,50 Cent
32362,Jon Bon Jovi
1395597,Brandi Carlile
58198,Chris Farley
1409651,Mackenzie English
1409652,Laurie Shephard
108661,Chester Bennington
214830,Mike Shinoda
1070445,Brad Delson
145755,Mylène Farmer
1082289,Yvan Cassar
1082290,Eric Chevalier
84534,Dido
9315,Marilyn Manson
224858,Joe Budden
1391409,Yelawolf
544016,D12
2041,Dr. Dre
1740159,Marky Bass
1740160,Jeff Bass
1945289,Denaun Porter
1135272,Skylar Grey
1776464,Stretch Armstrong
4244,Lauryn Hill
4238,Common
22297,Kyle Gass
533061,Dave Grohl
11669,Jimmy Fallon
27738,Chris Hardwick
52792,Maya Rudolph
79082,Randall Park
1743385,Tim Schafer
109,Elijah Wood
7090,Kelsey Grammer
114470,Polly Draper
923,Dean Stockwell
1847916,Vincent Alvarez
1416462,Brian Anderson
1416474,Kenny Anderson
102786,Barack Obama
964843,Michelle Obama
198,Dan Castellaneta
27319,Christoph Waltz
6193,Leonardo DiCaprio
135651,Michael B. Jordan
60073,Brie Larson
2157,Robin Williams
8851,Whitney Houston
979952,Clive Davis
32715,Diana Ross
84445,Craig Baldwin
197833,Craig Green
573813,Conrad O. Johnson Sr.
822,Avery Brooks
20879,Kate Burton
2632,Chris Rock
5726,Cedric the Entertainer
943183,James Baldwin
19742,Malcolm X
2047,Danny Glover
2049,Rubén Blades
16828,Chris Evans
3223,Robert Downey Jr.
113674,Victoria Alonso
10850,Kevin Feige
12891,Joss Whedon
44038,Nancy Allen
2963,Nicolas Cage
35705,Regina Hall
143242,Terrence Jenkins
174837,Yolanda Adams
2535,Vivica A. Fox
140,Lucy Liu
103,Mark Ruffalo
287,Brad Pitt
19119,Mélanie Laurent
74568,Chris Hemsworth
1169636,Steve Sansweet
71538,Dave Filoni
1021364,Joseph Campbell
553222,Bill Moyers
12898,Tim Allen
2770645,Rick Worley
1881494,Chris Stuckmann
229164,Mike Stoklasa
11770,John Carpenter
515,Glenn Close
349,Scott Glenn
4,Carrie Fisher
3799,Billy Dee Williams
130,Kenny Baker
33185,Jeremy Bulloch
101378,Don Most
19968,Royal Dano
102429,Roger Corman
928545,Rivers Cuomo
1645418,Pat Wilson
1161962,Brian Bell
6968,Hugh Jackman
17142,Paul Dano
69597,Drew Barrymore
85097,Joan Blair
96746,David Chameides
1005788,Rayniel Rufino
1076915,Antonio Ortiz
162339,Luis Antonio Ramos
69899,Zachary Levi
13636,Jane Krakowski
11076,David Hyde Pierce
49827,Michael Cerveris
3999,Tom Hulce
4000,Elizabeth Berridge
1222952,Jonathan Llyr
1748,William Shatner
1749,Leonard Nimoy
1159,Steven Bauer
1160,Michelle Pfeiffer
148251,Massimo Ghini
4959,Claudia Cardinale
32312,Ugo Tognazzi
227,William Hurt
40542,Hector Babenco
5048,Harry Dean Stanton
585,Rutger Hauer
11478,Lorraine Bracco
3556,Roman Polanski
1423963,Ludovic Paris
32017,Didier Lavergne
41711,Kitten Natividad
97698,Michelle Bauer
106426,Lois Ayres
18972,Danny Masterson
1130441,Robert Sklar
108650,Alain Silver
1130439,Drew Casper
1665042,Thierry Frémaux
1867,Auguste Lumière
224,David Cronenberg
3027,Stephen King
72861,Robbie Robertson
941022,Buffy Sainte-Marie
5168,Gabriel Byrne
70035,Maureen O'Hara
39012,Peter Bogdanovich
2636,Alfred Hitchcock
1077703,Donald Spoto
132305,Nobuhiko Ōbayashi
5026,Akira Kurosawa
40223,Joe Carnahan
10828,Guillermo del Toro
1052109,Harry Styles
1052107,Niall Horan
1146050,Zayn Malik
8487,Gregory Peck
7046,Cecilia Peck
1102449,Veronique Peck
67877,George Litto
4301,Angie Dickinson
1979,Kevin Spacey
16294,Jonathan Demme
27554,Alan Bates
70654,Max Wall
1415341,Kazuhiro Tsuji
1267653,Chet Zar
1003,Jean Reno
524,Natalie Portman
3894,Christian Bale
1810,Heath Ledger
3895,Michael Caine
219479,Criss Angel
1101349,Steve Aoki
1407495,Miles Brown
2975,Laurence Fishburne
530,Carrie-Anne Moss
2188363,Pedro Hollywood
131532,J.J. Perry
564,Richard Linklater
584,Philip K. Dick
32233,Tommy Pallotta
18517,Kim Gordon
101831,Thurston Moore
2299,Josh Hartnett
28626,Arielle Dombasle
3614,Michel Houellebecq
2352,Jean-Jacques Annaud
206,Jim Carrey
204,Kate Winslet
2219,Tobey Maguire
17051,James Franco
40036,Taraji P. Henson
6944,Octavia Spencer
1005852,Janelle Monáe
16896,James Garner
6721,Piper Laurie
6450,Faye Dunaway
3380,Bette Davis
157936,James Sloyan
2040755,Chuck E. Cheese
57756,Gene Simmons
2040756,Jim Newberry
109887,Caroll Spinney
64180,Steve Whitmire
68456,Richard Hunt
213896,Camille Bonora
17483,Michael Maloney
6238,Juliet Stevenson
1145010,Gregory Chisholm
68455,Jerry Nelson
64181,Dave Goelz
2,Mark Hamill
6,Anthony Daniels
3,Harrison Ford
17244,Hayden Christensen
898,Mark Goldblatt
1264,Bill Pankow
4955,Dario Argento
109255,Leonard Maltin
1817034,Michael Sragow
4762,Paul Thomas Anderson
2545,Lawrence Bender
141,David Carradine
1037,Harvey Keitel
3129,Tim Roth
9857,Karl Malden
5248,Lee J. Cobb
13570,Samuel Goldwyn
3417,Tony Goldwyn
103829,Jason Presson
84678,Johnny Cash
20309,Dwight Yoakam
106179,Anthony Franciosa
10190,Jill St. John
5250,Jack Klugman
3810,Javier Bardem
72305,Lesley Manville
44735,Jesse Eisenberg
8490,John Megna
6838,Frank Overton
2880,Emilio Estevez
1063,Lea Thompson
104997,Marlo Thomas
11088,Barry Tubb
3266,Joe Mantegna
36059,Joanna Pacula
1179102,Kathleen Kennedy
928944,Coleman Barks
2022250,Robert Bly
514,Jack Nicholson
1892,Matt Damon
125025,Joey King
122889,Dane DeHaan
84225,Gil Birmingham
2641,Martin Landau
72028,Arye Gross
92029,Gabriel Bologna
4724,Kevin Bacon
66743,Matt Bomer
1461,George Clooney
2098136,Brian Becker
2098137,Richard Becker
2098138,Blase Bonpane
13852,Virginia Cherrill
13853,Florence Lee
14028,Jack Oakie
14029,Reginald Gardiner
14434,Georgia Hale
14435,Mack Swain
19426,Jackie Coogan
21301,Edna Purviance
14027,Paulette Goddard
14438,Henry Bergman
106569,Mady Correll
106570,Allison Roddan
29545,Claire Bloom
3363,Nigel Bruce
13855,Al Ernest Garcia
147962,Merna Kennedy
21306,Albert Austin
21303,Eric Campbell
68703,Tamiyo Kusakari
578708,Luigi Bonino
1007754,Roland Petit
176543,Ken Murray
1488806,Armin Hoffman
2011,Ben Alexander
290,Christopher Plummer
14674,George Cukor
11487,Margaret Mitchell
11916,Liv Ullmann
3854,Lena Nyman
4110,Humphrey Bogart
4112,Paul Henreid
2417497,Nils Gustaf Holmquist
6588,Isabella Rossellini
32,Robin Wright
33,Gary Sinise
52,David Morse
5149,Bonnie Hunt
3197,Tom Sizemore
35219,Corey Burton
7879,John Lasseter
24,Robert Zemeckis
28,Wendy Finerman
27116,Kevin Conway
707,Dan Aykroyd
26485,Jim Belushi
54812,Chevy Chase
107602,Jeff Beck
1162360,Simon Wiesenthal
55085,Amber Heard
2127,James Wan
2682390,Gerd Ludwig
94059,John Ewart
102603,John Howard
76788,Dev Patel
108916,Rooney Mara
1371,David Wenham
31212,Scott MacQueen
78848,Susanna Foster
99599,Carla Laemmle
72754,Elissa Knight
60074,Jeff Garlin
1245537,Sam Fontana
4027,Frank Darabont
67367,Rian Johnson
557528,Margie O'Malley
1213783,Rick Berman
21722,John Billingsley
20,Elizabeth Perkins
17486,Alison Pill
2155,Thora Birch
151385,Bobby Edner
2372,Ron Perlman
55725,Randy Travis
1736908,Prince Harry
1855591,Prince William
82702,Michael Jackson
18793,Kieran Culkin
11510,Macaulay Culkin
37759,Kathy Burke
20056,Keith Allen
2330903,Amir Amor
1250,Alexander Armstrong
10730,Rowan Atkinson
24265,Bill Bailey
120931,Tamsin Greig
1164486,Prince Philip
121003,Nigel Patrick
1234063,Bobby Charlton
582438,Franz Beckenbauer
10132,Colm Feore
30609,Polly Shannon
237,Aidan Devine
82315,Jean Harlow
11492,Clark Gable
1916574,Caitlin Doughty
71531,Deepak Chopra
1383964,Thích Nhất Hạnh
1867979,Sister Chân Không
52087,Carol Alt
6678,Michael Ontkean
12950,George Kennedy
10412,Anne Jackson
1933,George Peppard
6250,Romy Schneider
14812,Jeanne Moreau
10699,Samantha Bond
44384,Bernd Michael Lade
3712,Saul Rubinek
35028,Zoe Kazan
78729,Nathan Lane
17628,Mary Elizabeth Winstead
1050292,Ruth Gruber
1050293,Louisa Herz Leopold
1050294,Dava Sobel
5821,Eugenio Alabiso
4670,Nino Baragli
44797,Timothy Van Patten
1434484,Shô Kosugi
99846,Sho Kosugi
11163,John Saxon
83259,Florinda Bolkan
585373,Gianni Santuccio
11190,Renzo Montagnani
1334578,Licia Pinelli
24399,Yves Beneyton
24478,Raymond Pellegrin
36925,Mathieu Carrière
20212,Dermot Mulroney
76546,Ricky Schroder
95468,Kelli Williams
1932312,Maureen McCarthy
1932313,Cecil Moe
23920,Chad McQueen
6844,Dom DeLuise
68559,Gary Daniels
188707,Christopher Stapleton
59554,Jesse Bernstein
1591097,Bryan Clark
1591098,Savannah Goldsmith
17397,Callie Khouri
17398,Mimi Polk Gitlin
578,Ridley Scott
2778,Dennis Hopper
1499594,Satya De La Manitou
31169,Julie Adams
1062379,Pierre Berton
65103,Linda Lee Cadwell
57700,Brandon Lee
62410,Sammo Hung
1619377,Cheung Wood-Yau
1331010,Ng Cho-Fan
122528,Bruce Li
1341,Donnie Yen
135177,John Little
132476,Riccardo Billi
51576,Chuck Norris
1698118,Pak Yin
240040,Cheung Ying
1619,Chow Yun-Fat
1338,Maggie Cheung
68676,Yuen Siu-Tien
936716,Chen Hung-Lieh
1635792,Yang Yang
1519031,Allen Ai Lun
130394,Hsu Feng
238888,Tien Peng
695,Roy Chiao
144302,Claudia Bassols
36071,John Colton
56890,Malcolm McDowell
46393,Roseanne Barr
8893,Stockard Channing
1162,Robert Loggia
41249,Tess Harper
1204,Julia Roberts
21818,Lesley Ann Warren
1204293,J. Allen Hynek
2027993,Philip J. Klass
1066777,Mumia Abu-Jamal
65013,Rubin 'Hurricane' Carter
4808,Giancarlo Esposito
67315,Tenzin Gyatso
2734157,Xiaoming Zhu
2734158,Shamar Rinpoche
2045089,Jeanmarie Simpson
4687,Patricia Arquette
2045090,Joyce Julianne Auer
9871,Ursula Andress
4956,Bernardo Bertolucci
15531,Ossie Davis
18249,Cicely Tyson
51718,Naura Hayden
19178,Dick Shawn
82388,Bob Hope
1243,Woody Allen
99662,Mitzi Gaynor
82170,Jeanne Crain
83463,Nancy Sinatra
543105,Ella Fitzgerald
581662,Antônio Carlos Jobim
4070,Grace Kelly
40167,Don Costa
185588,Frank Sinatra Jr.
13294,Gene Kelly
56752,Lorna Luft
66776,Liza Minnelli
16303,Céline Dion
94759,Gloria Estefan
77073,Lance Bass
834,Otto Preminger
16523,Burgess Meredith
19460,Saul Bass
12147,Spencer Tracy
6598,Katharine Hepburn
7639,Joan Bennett
40174,Lucille Ball
109897,Ethel Merman
4165,John Wayne
4300,Ricky Nelson
89784,Phyllis Diller
22092,Frankie Avalon
2672,Jack Carson
19724,Hunter S. Thompson
1188774,Ralph Steadman
38070,Edward Judd
4173,Anthony Hopkins
15854,Ted Levine
368,Reese Witherspoon
1244120,Ralph Foody
88516,Billy Warlock
85154,Tony Denison
18461,Nick Chinlund
1216139,Michael Raynor
57389,Justin Pierce
98539,Frank Zappa
6609,Theodore Bikel
5791,Arlene Francis
61303,Dick Van Dyke
46944,Michele Lee
1937,Mickey Rooney
1242827,Erroll Garner
586186,George Avakian
2750,Julie Harris
37469,Betsy Palmer
1211997,Liz Sheridan
1116483,Deirdre Flynn
1888957,Rory Flynn
5656,Noah Baumbach
1245,Scarlett Johansson
1023139,Adam Driver
934,Russell Crowe
935,Connie Nielsen
5953,Spike Jonze
9273,Amy Adams
1136517,Sia
1819889,Sasha Frolova
1345495,Odessa Young
58074,Madge Sinclair
741,River Phoenix
26847,Adam West
19769,David Ayer
1447932,Winston Duke
137905,Bill Skarsgård
69033,Vivian Wu
939118,Haoyu Yang
1528800,Meng Li
39996,Sidney Lumet
1151,Martin Bregman
1115053,Irene Bignardi
25822,Marcello Gatti
354606,Tullio Kezich
65314,Giuseppe Tornatore
28782,Monica Bellucci
856,Ben Gazzara
12235,Vilmos Zsigmond
98199,Jerry Schatzberg
45380,Turhan Bey
29312,Christopher George
41232,Jessica Walter
40433,Barry Sullivan
41256,Art Hindle
91460,Robyn Douglass
24554,John van Dreelen
1145340,Stacey Bedford
168374,Cheryl Carter
7056,Emma Thompson
56101,Gerard Horan
78334,Rebekah Staton
5309,Judi Dench
195525,Miranda Raison
31308,Richard E. Cunha
30810,Donald F. Glut
22082,Lacey Chabert
2714,Lance Henriksen
2057865,AnnaRose King
1778612,Ted Tremper
1848881,Becky Yamamoto
45230,Carroll Borland
56444,Robert Cornthwaite
8223,Jon Finch
41234,Judy Geeson
142858,Melissa Gilbert
7505,Roddy McDowall
26557,Ferdy Mayne
1084308,Mercy Haystead
510,Tim Burton
10222,Roger Moore
131814,Michael Brandon
25666,Ian Hogg
222054,Selma Brook
1483204,Ryan Mercier
1483206,Tina Gray
8724,Errol Flynn
30296,Joanne Dru
29903,Peter Finch
20143,Jean Kent
12250,James Donald
97243,Hugh Sinclair
1367,Alan Howard
1328,Sean Astin
173431,Bruce Allpress
29094,John Bach
73640,James Nachtwey
73642,Hans-Hermann Klare
82426,The Edge
82427,Adam Clayton
82428,Larry Mullen Jr.
181452,Kix Brooks
1316826,David Sylvian
45052,Anton Corbijn
92911,Garth Brooks
72538,Daniel Lanois
96635,Aaron Neville
1744249,Kygo
1569717,Martin Garrix
18015,Andrea Corr
22410,Sharon Corr
22411,Caroline Corr
57446,Mark Romanek
215486,Fiona Apple
72208,Alicia Keys
3284,Bruce Springsteen
18746,Stevie Wonder
237405,Lady Gaga
81487,George Michael
56367,Naomi Campbell
937034,Christy Turlington
54421,Janet Jackson
12111,Justin Timberlake
71860,Michelle Kwan
1596154,Philippe Candeloro
1340706,Michael Weiss
155488,Kelly Clarkson
964397,Miranda Lambert
21986,Reba McEntire
90654,Pam Dawber
19011,George W. Bush
1189929,Condoleezza Rice
11074,Kathy Najimy
40009,Matt Frewer
1062,Christopher Lloyd
15903,George Carlin
24594,Michael Angelis
1220781,Shelly Altman
115002,John Aniston
18918,Dwayne Johnson
40462,Kristen Bell
1136406,Tom Holland
76689,Sarah Brightman
1120207,Zucchero
62053,David Foster
117092,Laura Pausini
982,Sting
1338524,Myung-Whun Chung
1192274,Jordan Fisher
91351,Sarah Hyland
1932529,Jesse Palmer
11370,Elton John
2605892,James Morrison
1060422,Lily Allen
18992,Aidan Quinn
2222,Beau Bridges
152699,James Noble
66288,Roberts Blossom
41689,Rue McClanahan
1285,AnnaSophia Robb
11905,Sven Nykvist
38127,Erland Josephson
6648,Ingmar Bergman
1137209,Jonathan Adams
69500,Lou Adler
13473,Barry Bostwick
12219,Jon Stewart
19292,Adam Sandler
7132,Vincent D'Onofrio
36190,Edie Falco
51750,Joey Lawrence
158769,Khrystyne Haje
59258,Lewis Black
39104,Abel Ferrara
2313633,Anna Ferrara
71010,Tom Conti
12516,Linda Hunt
12852,Barry Corbin
3800,Jerry Hall
8892,Olivia Newton-John
8894,Jeff Conaway
1084537,Derek Savage
2609280,Alistair Cooper
77700,Travis Fimmel
2021205,Future
1911675,Young Thug
73956,John Frusciante
1237,Flea
2406668,Robert Williams
2406671,Suzanne Williams
150442,Don Ed Hardy
557789,Roxy Rizzo
557790,Lucita Jules
1280503,Ashley Wallen
1282510,David Scotchford
1173226,Dannii Minogue
182195,Chrissie Hynde
67274,Dolly Parton
1003713,Lady Antebellum
1234635,Nikki Webster
39516,Nick Cave
1041309,Thomas Wydler
1041310,Martyn P. Casey
2240369,Bert Stern
82280,Louis Armstrong
40092,Twiggy
201,Michel Gondry
47,Björk
64182,Bill Barretta
97185,Eric Jacobson
475512,Ellie Kemper
78798,Tom Kenny
34398,Bill Fagerbakke
70615,Rodger Bumpass
112261,Joey McIntyre
13446,Eliza Dushku
87192,Mike O'Malley
61110,Fred Armisen
62831,Will Forte
44716,Margaux Hemingway
6614,Cole Hauser
61153,Wings Hauser
8261,Willie Nelson
105629,Frank Beard
1893288,Tom Dowd
2295371,Jackie King
7172,James Brown
22859,Jerry Lee Lewis
532942,Fats Domino
36801,Adam Scott
22226,Paul Rudd
63918,Andras Jones
146307,Joe Guzaldo
7166,Kevin Pollak
3026,Rob Reiner
128621,Robert Goulet
40178,Phil Silvers
13784,Burt Lancaster
12149,Richard Widmark
72063,Carey Wilson
9088,Janet Gaynor
2895,Emil Jannings
4135,Robert Redford
13717,Bob Woodward
109404,Vito Russo
863,Orson Bean
39015,Eileen Brennan
19803,Leonardo Sbaraglia
1084298,Alfredo Casero
100140,Daniel Rabinovich
1839512,I.F. Stone
1595030,Chris Hedges
1839513,Leslie Moonves
7499,Jared Leto
6161,Jennifer Connelly
20767,Samantha Mathis
8338,Jodelle Ferland
8437,Teri Garr
40266,Maruschka Detmers
26659,Anthony Andrews
10297,Matthew McConaughey
83002,Jessica Chastain
1813,Anne Hathaway
10437,Lily Tomlin
77260,Paul Anka
70177,Charlie Rose
10367,John Waters
1311,Michael Lynne
1107983,Martin Luther King
52057,Obba Babatundé
110380,Colin Powell
1490,Joan Baez
76143,Ronnie Hawkins
111714,Al Green
165867,Kid Rock
1184302,Winston Watson
1489,Bob Neuwirth
60642,Tom Petty
76136,Levon Helm
22868,Roy Orbison
76138,Joni Mitchell
1718049,Nigel Williamson
1357834,Robert Christgau
1417614,Leadbelly
110589,Allen Ginsberg
44549,Pete Seeger
15425,Neil Young
10750,Sheryl Crow
28767,June Carter Cash
1559401,Jim Dickinson
1103791,Joan Agajanian Quinn
95678,Jean-Michel Basquiat
2392906,Irving Blum
2441,Tom Hollander
15576,Matthew Macfadyen
4529,Sylvie Testud
93225,Aleksandr Baluev
13333,Vanessa Redgrave
1344082,David Annen
2598,Sophie Okonedo
15740,Tim McMullan
3896,Liam Neeson
2282,Ben Kingsley
11279,Roger Allam
80860,Jonathan Bailey
57461,Simon Russell Beale
505710,Zendaya
1643142,Eric Hauserman Carroll
20049,David Tennant
47933,Adam James
34546,Mark Gatiss
7063,Nina Sosanya
2440,Bill Nighy
28478,Christian McKay
78333,Elsa Mollien
1890766,Mem Ferda
57096,Maynard Eziashi
1211217,Sule Rimi
1611987,Fisayo Akinade
4391,Charles Dance
973,Jason Flemyng
1181293,Madeleine Albright
216674,Hillary Clinton
556903,Maria Celeste Arraras
115863,Fidel Castro
3125,Madonna
128550,Desmond Tutu
1846217,Denis Mulcahy
1104726,Henry Cisneros
1700943,Jelani Cobb
1523586,Brian Springer
46432,George H. W. Bush
112035,Mike Wallace
1725875,Christopher Ruddy
1241252,Rodney King
18977,Ed O'Neill
95778,Dan Rather
1248913,Josip Broz Tito
112200,Slavoj Žižek
21111,John F. Kennedy
34521,Maurice LaMarche
1215120,Ted Koppel
2493101,Theodore Hesburgh
501362,Elizabeth Warren
470303,Bernie Sanders
1223630,Rupert Murdoch
68842,John Cho
2189099,Park Chung-hee
1074129,Fred Rogers
2066306,François Scarborough Clemmons
173729,Yo-Yo Ma
938972,Angela Davis
1236595,Henry Louis Gates Jr.
1182652,Mike Garson
1182651,Reeves Gabrels
1289529,Earl Slick
1205155,Carlos Alomar
206581,Robert Smith
46392,Lou Reed
1220629,Jeremy Vine
13604,Iggy Pop
10713,Eric Idle
69600,Edgar Froese
1919128,Damo Suzuki
112940,Mick Ronson
37122,Angela Bowie
24937,Bing Crosby
193488,Stanley Baxter
84527,Freddie Mercury
928828,Brian May
84530,Roger Taylor
71252,David Gilmour
108126,Richard Wright
107210,Jon Carin
5602,David Lynch
5281,Spike Lee
1483,T Bone Burnett
1046723,Rhiannon Giddens
220875,Francis Rossi
47991,Bob Geldof
57824,Garrison Keillor
1215942,Fred Newman
1226069,Dusty Springfield
12094,Jennifer Saunders
5539,Dawn French
4286,Emma de Caunes
72254,Éric Caravaca
94067,Alexis Loret
96074,Leslie Feist
1665140,Adam Cohen
120608,Sonia Manzano
1596910,Nitya Vidyasagar
24045,Joseph Gordon-Levitt
1400290,Alan Gorrie
1400293,Onnie McIntyre
18632,Brigid Berlin
96082,Yōko Ono
2030027,Arthur Janov
2033613,Vivian Janov
1505155,John La Briola
91431,Timothy Leary
1046088,Ed Emshwiller
2590245,Franz Fuenstler
146964,Kenneth Anger
1171032,Adolfo Arrieta
1190206,Donatas Banionis
22861,Carl Perkins
40176,Art Carney
16866,Jennifer Lopez
111455,Katy Perry
1103603,Ben Small
220908,Steve Lukather
1400795,Richard Page
76141,Dr. John
77943,Joe Walsh
340927,Teresa Gallagher
1237916,Marc Bolan
9188,Billy Connolly
1923,Robbie Coltrane
477,Julie Walters
29859,Richard Briers
15831,Frank Welker
1754138,Ken Barrie
103616,Mae West
11152,Margaret Cho
142190,Dita Von Teese
97884,John Gordon Sinclair
1797181,John Field
1797182,Fred Frith
117555,Nigel Planer
1207229,Robert Wyatt
141317,Luciano Pavarotti
16165,Jon Lovitz
34902,Jane Horrocks
142750,Jason Orange
142751,Mark Owen
226001,Ariana Grande
76594,Miley Cyrus
1059011,Marcus Mumford
1164263,Gary Barlow
142752,Howard Donald
29704,Geoffrey Moore
1913149,Ambra Moore
15344,J.J. Abrams
39658,Sally Hawkins
10168,Diana Rigg
974,Dexter Fletcher
975,Nick Moran
1428,Mick Jagger
118421,Jack Bruce
118422,Ginger Baker
22860,Chuck Berry
1430,Keith Richards
1171675,Ingrid Berry
100194,Andy Fairweather-Low
109800,Nathan East
44999,B.B. King
95486,Stevie Ray Vaughan
85930,John Mayer
90388,Steve Jordan
90389,Pino Palladino
592587,Joe Bonamassa
107209,Doyle Bramhall II
184306,Beth Hart
1228004,George Thorogood
110023,Daryl Stuermer
109804,Ricky Lawson
22645,Chester Thompson
110066,Tony Banks
110067,Mike Rutherford
39624,Peter Gabriel
231519,Steve Hackett
185013,Mike Stevens
1690001,Marcus Byrne
932051,Bev Bevan
932058,Mik Kaminski
61011,Clarke Peters
1352367,Alex Orbison
1352368,Roy Orbison Jr.
86390,John Sebastian
86385,Richie Havens
1120068,Country Joe McDonald
1072976,Derrick Parker
1073001,Game
111402,Richie Sambora
111404,David Bryan
1452827,Hugh McDonald
111403,Tico Torres
1160640,Rob Affuso
191275,Sebastian Bach
1160641,Rachel Bolan
5621,John Farley
5620,Kevin Farley
1070443,Rob Bourdon
2209240,Twiggy Ramirez
141289,John 5
2426776,Zsa Zsa Speck
1045540,Olivia Newton Bundy
9316,Jeordie White
80892,Madonna Wayne Gacy
80894,Zim Zum
1088666,Till Lindemann
1515687,Richard Kruspe
1515688,Paul Landers
39121,Richard Melville Hall
16450,Sean Combs
1100780,Dj Kid Capri
561869,Amandla Stenberg
62649,Russell Hornsby
558928,Max Charles
212184,Joshua Rush
65640,Khary Payton
235995,Nate Mendel
235996,Chris Shiflett
92563,Kurt Cobain
95076,Krist Novoselic
236082,Taylor Hawkins
91478,John Paul Jones
143470,Joshua Homme
64809,Billy Corgan
548398,Shirley Manson
1206713,Nick Oliveri
92569,Pat Smear
101813,Mark Arm
3186,Trent Reznor
89799,Jello Biafra
43120,Andy Dick
53926,Jon Heder
23659,Will Ferrell
1178812,Andrew Bowser
22125,Jimmi Simpson
18472,Kevin Corrigan
91609,Joe Rogan
38674,Aisha Tyler
214691,Graham Elwood
54503,Adam G. Sevani
1780992,O’Neil Christopher
1492969,Pam Murphy
1057653,Brian Petsos
1893,Casey Affleck
2879,Rob Lowe
585902,Noel Appleby
1739002,Ali Astin
52951,Jane Leeves
67630,Roy Edward Disney
51990,T. J. Miller
865,Michael Bay
7402,Markie Post
21246,Corbin Bernsen
81690,Don Swayze
5589,John Glover
155173,James McCaffrey
156485,Leah Lail
1213549,Chris Hunter
133858,Kenny Rogers
2547,Bruce Boxleitner
160474,Marc Alaimo
8258,Ben Johnson
60438,Michael Landon Jr.
1226824,Emily Warfield
2209385,Simon Bannerot
2263686,Sebo Walker
2474137,Jon Sciano
1848999,Frank Gerwer
1945960,Raney Beres
1989606,Aaron Bondoroff
584562,Guy Mariano
1989607,Aidan Mackey
2503684,Abdullah bin Abdulaziz Al Saud
1068409,Frank Marshall Davis
1068410,Ann Dunham
1068411,Stanley Dunham
2954,Jeffrey Wright
33663,Donald Trump
2301996,Mike Pence
149923,Lester Brown
1063969,Yvo de Boer
1063970,Paul R. Ehrlich
1314544,Cenk Uygur
998458,Gavin McInnes
1923219,Richard Spencer
2569912,Liane Rudolph
2601848,Pyotr Tolstoy
2601877,Vladimir Pozner
112580,Daniel Ellsberg
1508921,Franz Gayl
1508922,Seymour Hersh
1396525,Julia Davis
114454,BJ Davis
2065478,Herbert P. Kaufer
13309,Oprah Winfrey
15827,Scott Weinger
15829,Linda Larkin
30364,Tracey Ullman
199,Julie Kavner
66606,George Wendt
200,Nancy Cartwright
49205,Sandra Cervik
1178282,Georg Trenkwitz
3899,Ken Watanabe
21007,Jonah Hill
234352,Margot Robbie
2525463,Pete Carroll
19767,Snoop Dogg
1215299,Matt Leinart
1277188,Jacob Tremblay
11148,Joan Allen
11090,Edgar Wright
39995,Michael Cera
569,Ethan Hawke
2692,Robert Sean Leonard
880,Ben Affleck
7399,Ben Stiller
116100,Richard Williams
1140098,Omar Ali-Shah
12826,Charles Fleischer
16418,Casey Kasem
67778,Jonathan Lipnicki
1216096,Phillip Schofield
8930,John Cleese
225202,Stephen K. Amos
66586,Mariah Carey
1176349,Billy Paul
1668794,Malik Abdul-Basit
1474935,Jay Berger
66885,Barry Gibb
66886,Robin Gibb
66887,Maurice Gibb
1172565,Lesley Gore
45042,Adam Ant
553721,Nick Ashford
1789239,Renaldo Benson
4587,Halle Berry
9780,Angela Bassett
819,Edward Norton
820,Edward Furlong
821,Beverly D'Angelo
6168,Austin Pendleton
5341,Richard Burton
181975,Mark Curry
82587,Steve Harvey
78029,Martin Lawrence
15899,Jenifer Lewis
13472,Tim Curry
97260,Tangie Ambrose
212208,Taylor Swift
14,Ellen DeGeneres
1289968,Cara Delevingne
44796,Franklyn Ajaye
77896,Bill Bellamy
15535,Robin Harris
68215,Reginald Hudlin
86655,Ashley Boettcher
1919996,Justin Felbinger
1741659,Orville Luster
14386,Beyoncé Knowles
84932,Jay-Z
1214573,Serena Williams
1204610,Peter Gudo
1027445,Hedviges Mamudo
65398,Denise Nicholas
2390,LeVar Burton
58493,Tim Grimm
3036,John Cusack
5294,Chiwetel Ejiofor
6046,Roland Emmerich
20904,James Hong
157963,Loren Avedon
74375,Cynthia Rothrock
1504019,Georgina Borri
583808,José Feliciano
1612266,Andy Montañez
96321,Tego Calderón
1182409,René Pérez
1172108,Mckenna Grace
30083,Lindsay Duncan
172069,Chadwick Boseman
1215522,Robin Roberts
1896,Don Cheadle
1108,Shane Black
1121,Benicio del Toro
543530,Dave Bautista
59026,Peyton Reed
55499,Scott Derrickson
15347,Michael Giacchino
7626,Avi Arad
1245564,John Cassaday
934847,Chris Claremont
2115,Kurtwood Smith
6719,Ray Wise
10083,Beatrice Straight
16431,Sam Elliott
16839,Matt Long
6586,Barry Gifford
322,Steve Golin
587506,Shameik Moore
543505,Jake Johnson
130640,Hailee Steinfeld
50463,Malin Åkerman
12021,Mia Farrow
9278,Jennifer Garner
63,Milla Jovovich
113505,Kodi Smit-McPhee
19185,Mario López
74353,Maria Menounos
36811,Nick Cannon
225620,Rudolph Moise
31137,Brian J. White
62093,Sean Blakemore
21353,Isaiah Washington
105762,Jimmy Jean-Louis
1350470,Andra Fuller
1025444,Rotimi
1922617,Joy Rovaris
587035,Nadji Jeter
479206,Demetria McKinney
154382,Jazsmin Lewis
31134,Darrin Henson
74613,Terri J. Vaughn
1222355,Barry Nolan
8984,Bill Pullman
2888,Will Smith
88620,Lauren Collins
19961,Nina Dobrev
180986,Cassie Steele
1394681,Somaly Mam
1394682,Reena
21063,Pamela Adlon
52404,Mae Whitman
9048,Clark Gregg
7624,Stan Lee
91606,Tom Hiddleston
192,Morgan Freeman
12052,Gwyneth Paltrow
1283,Helena Bonham Carter
17288,Michael Fassbender
1267329,Lupita Nyong'o
26887,Francis Huster
44560,Hubert Saint-Macary
1548355,Cyril Dion
1548356,Anthony Barnosky
1548357,Olivier De Schutter
1278363,James Cawley
150193,Sandy Collora
2400366,Timothy Zahn
437100,Taylor Gray
33260,Freddie Prinze Jr.
81663,Vanessa Marshall
41345,Ashley Eckstein
46362,Samuel Witwer
23680,Dee Bradley Baker
11813,David Foster
15406,Bill Lancaster
14692,Nick Castle
8944,Jamie Lee Curtis
14999,George A. Romero
2476121,Rubén Martínez
2291380,Com Truise
511,Larry J. Franco
33054,Keith Gordon
11357,Bruce Campbell
131120,Henry Strozier
6856,Kurt Russell
11065,Wilford Brimley
15411,T. K. Carter
44712,Jill Eikenberry
2056726,Kevin Dobson
40389,Bernadette Peters
5699,Patti LuPone
689,Kate Capshaw
18248,Mary-Louise Parker
59219,Kyle Gallner
15675,Alison Elliott
9825,Saffron Burrows
1115103,Joseph Kelly
1137,Juliette Binoche
2165,Rosanna Arquette
26860,John Sessions
14837,Carol Burnett
518,Danny DeVito
10930,Irvin Kershner
2140901,Gary Kurtz
15152,James Earl Jones
1897169,Charmin Lee White
1897170,Terrell Mitchell
5049,John Hurt
10774,Anne Bancroft
14464,Jenny Agutter
92876,Paul Conway
12446,Peter Sellers
11281,Sinéad Cusack
937,Derek Jacobi
11857,John Gielgud
2106,Walt Disney
138248,Byron Kane
4800,Gena Rowlands
83812,Ford Rainey
19707,Charles Band
100659,Ivan Cardoso
1262735,Gurcius Gewdner
44762,Forrest J. Ackerman
62923,Ray Bradbury
100476,Bobbie Bresee
15234,David Arquette
1552521,Brian Avery
7229,Marco Beltrami
12840,John Badham
6930,Diane Baker
1587566,Carly Adams
28745,Deborra-Lee Furness
39923,François Audouy
231664,Gina Beck
71450,Robert Lindsay
15838,Lea Salonga
231713,Cameron Mackintosh
145112,Alfie Boe
6431,Darren Aronofsky
9546,James Chinlund
7248,Cliff Curtis
11856,Daniel Day-Lewis
52565,Hope Elizabeth Reeves
12659,Billy Barty
19546,Michael Bell
21049,Yancey Arias
962225,Josh Blaylock
95038,Johanna Braddy
1145099,Rocky Collins
13242,Paul Giamatti
10872,Patton Oswalt
1041277,Stan Chandler
1041278,David Engel
1041279,Larry Raben
1230,John Goodman
20493,Sydney Tamiia Poitier
77018,Carrie Hamilton
1037398,Diamond Yukai
1722123,Daisuke Oyama
64825,Harry Hamlin
149589,Scott Rinker
143240,Julianne Hough
97772,Mel Tormé
15417,Donald Moffat
16927,Gérard Depardieu
41071,Leonora Fani
112219,Michael Shawn Hickenbottom
112217,Bret Hart
77120,Steve Austin
53862,Kaley Cuoco
16478,Johnny Galecki
160172,Chuck Lorre
1947,Stanley Adams
62578,Mark A. Altman
993162,Richard Arnold
94792,Tammin Sursok
1181353,Ryan Eggold
131273,Melissa Sue Anderson
70569,Doug McKeon
85,Johnny Depp
776,Eddie Murphy
67773,Steve Martin
78707,Tosca D'Aquino
119350,Flavio Insinna
7542,Antonio Catania
66793,Paraskeva Djukelova
55794,Silvia D'Amico Bendico
1468163,Vito Di Bella
1330099,Lollo Franco
5676,Marcello Mastroianni
5682,Anouk Aimée
2369,Michael Lonsdale
78934,Betsy Blair
4958,Henry Fonda
4765,Jason Robards
3784,Michel Piccoli
32915,Lara Wendel
20564,Tony Musante
24367,John Forsythe
27442,Renato Salvatori
5965,Annibale Ninchi
39274,Lucia Bosé
6014,Annie Girardot
12259,Vittorio Gassman
27392,Enrico Lo Verso
27642,Lina Sastri
22383,Franco Nero
120640,Stefano Ambrogi
1073982,Fabrizio Apolloni
1381774,Lucia Batassa
3829,Jean-Paul Belmondo
1098404,Paul Belmondo
44556,Richard Anconina
15135,Alain Delon
1061561,Mark Cousins
1018937,Jean-Michel Frodon
1122224,Cari Beauchamp
3281,Gastone Moschin
24366,Philippe Noiret
1723378,Isabella Rei
131329,Lilla Brignone
21229,Raimondo Vianello
574037,Sandra Mondaini
10268,Charles Aznavour
18177,André Dussollier
5443,Vincent Lindon
